id,nombre,codigo,precio,descuento,precio_final
7,Jesus,123,18.45,14.76,3.69
8,Carlos,321,25.48,20.383999,5.0959997
9,Omar,258,1003.156,802.52484,200.6312
12,Marexy,741,85,8.5,76.5
